id;firstName;lastName;age
1;Max;Müller;19
2;Anna;Schmidt;20
3;Lukas;Schneider;21
4;Marie;Fischer;22
5;Paul;Weber;23
6;Laura;Meyer;19
7;Jonas;Wagner;20
8;Sophie;Becker;21
9;Leon;Hoffmann;22
10;Emily;Schulz;23
11;Tim;Koch;24
12;Lena;Bauer;18
13;David;Richter;19
14;Nina;Klein;20
15;Tom;Wolf;21
16;Julia;Neumann;22
17;Kevin;Schwarz;23
18;Sarah;Zimmermann;24
19;Daniel;Braun;25
20;Hannah;Krüger;26
21;Florian;Hartmann;20
22;Clara;Lange;21
23;Simon;Schmitt;22
24;Isabel;Werner;23
25;Philipp;Krause;24
26;Mia;Meier;19
27;Jan;Lehmann;20
28;Leonie;Huber;21
29;Robert;Köhler;22
30;Pia;Maier;23
31;Andreas;Frank;24
32;Vera;Voigt;25
33;Patrick;Sauer;26
34;Nadine;Seidel;27
35;Markus;Arnold;28
36;Vanessa;Bergmann;22
37;Oliver;Peters;23
38;Theresa;Albrecht;24
39;Stefan;Winter;25
40;Laura;Brandt;19
41;Fabian;Busch;20
42;Melanie;Otto;21
43;Christian;Simon;22
44;Katharina;Heinrich;23
45;Alexander;Kuhn;24
46;Franziska;Keller;25
47;Michael;Schreiber;26
48;Sandra;Böttcher;27
49;Johannes;König;28
50;Carina;Lorenz;29
51;Benjamin;Lang;19
52;Luisa;Herzog;20
53;Marcel;Graf;21
54;Alina;Fuchs;22
55;Sebastian;Hahn;23
56;Nora;Schulte;24
57;Pascal;Dietrich;25
58;Isabelle;Paul;26
59;Tobias;Reuter;27
60;Jana;Vogel;28
61;Robin;Moser;19
62;Eva;Thiele;20
63;Matthias;Urban;21
64;Lisa;Reinhardt;22
65;Daniela;Schäfer;23
66;Henrik;Beck;24
67;Annika;Roth;25
68;Julian;Kaiser;26
69;Marlene;Franke;27
70;Niklas;Schindler;28
71;Denise;Heller;19
72;Marvin;Böhm;20
73;Sina;Bach;21
74;Florian;Götz;22
75;Rebecca;Unger;23
76;Lucas;Pohl;24
77;Melina;Engel;25
78;Steffen;Winkler;26
79;Josephine;Haase;27
80;Patrick;Rudolph;28
81;Adrian;Kraft;19
82;Caroline;Groß;20
83;Leonard;Binder;21
84;Selina;Mayr;22
85;Moritz;Henning;23
86;Livia;Schubert;24
87;Chris;Auer;25
88;Helena;Brenner;26
89;Daniel;Schroeder;27
90;Paula;Stark;28
91;Noah;Baumann;19
92;Johanna;Metzger;20
93;Eric;Kurz;21
94;Aylin;Yilmaz;22
95;Emre;Demir;23
96;Selma;Kaya;24
97;Can;Arslan;25
98;Elif;Sahin;26
99;Murat;Celik;27
100;Zeynep;Aydin;28
101;Kevin;Lutz;19
102;Sabrina;Wilke;20
103;Marco;Nolte;21
104;Tina;Feldmann;22
105;Stephan;Rieger;23
106;Olivia;Hinz;24
107;Janina;Mohr;25
108;Robert;Eckert;26
109;Kai;Scholz;27
110;Franka;Bode;28
111;Samuel;Bartels;19
112;Amelie;Krebs;20
113;Leon;Seifert;21
114;Jule;Michel;22
115;Tommy;Hagemann;23
116;Antonia;Wirth;24
117;Rene;Preuß;25
118;Paula;Knapp;26
119;Patrick;Noack;27
120;Christina;Riemer;28
121;Lars;Thomsen;19
122;Miriam;Falk;20
123;Nils;Rosenberg;21
124;Heike;Jacob;22
125;Sven;Paulsen;23
126;Alena;Hummel;24
127;Timo;Endres;25
128;Carla;Schilling;26
129;Johannes;Ebert;27
130;Susanne;Bittner;28
131;Leonora;Hartung;19
132;Kevin;Kroll;20
133;Felix;Sauter;21
134;Isabell;Rapp;22
135;Martin;Zorn;23
136;Melina;Kunze;24
137;Philipp;Herold;25
138;Alessa;Bachmann;26
139;Daniel;Freitag;27
140;Louisa;Ritz;28
141;Jonah;Henkel;19
142;Paula;Strauß;20
143;Linus;Reich;21
144;Emilia;Schenk;22
145;Julien;Förster;23
146;Saskia;Hofmann;24
147;Victor;Lindner;25
148;Helene;Baum;26
149;Oliver;Renner;27
150;Frida;Kopp;28
151;Tim;Brockmann;19
152;Elena;Mertens;20
153;Bastian;Schuster;21
154;Nele;Gerlach;22
155;André;Opitz;23
156;Lucia;Breuer;24
157;Robin;Pfeiffer;25
158;Katja;Löffler;26
159;Stefan;Martens;27
160;Alina;Schirmer;28
161;Jan;Volk;19
162;Franziska;Beyer;20
163;Matteo;Rossi;21
164;Luca;Bianchi;22
165;Sofia;Conti;23
166;Marco;Ferrari;24
167;Giulia;Romano;25
168;Alessandro;Greco;26
169;Chiara;Marino;27
170;Paolo;Esposito;28
171;David;Smith;19
172;Emily;Johnson;20
173;Michael;Brown;21
174;Jessica;Taylor;22
175;Daniel;Anderson;23
176;Sarah;Thomas;24
177;Matthew;Moore;25
178;Laura;Jackson;26
179;Andrew;White;27
180;Emma;Harris;28
181;Victor;Popescu;19
182;Elena;Ionescu;20
183;Andrei;Dumitru;21
184;Irina;Stan;22
185;Alexandru;Marin;23
186;Ioana;Georgescu;24
187;Mihai;Radu;25
188;Teodora;Petrescu;26
189;Paul;Nistor;27
190;Anca;Moldovan;28
191;Ivan;Ivanov;19
192;Elena;Petrova;20
193;Sergey;Kuznetsov;21
194;Anna;Smirnova;22
195;Dmitry;Volkov;23
196;Olga;Sokolova;24
197;Alexey;Mikhailov;25
198;Natalia;Fedorova;26
199;Pavel;Egorov;27
200;Irina;Karpova;28
